<?xml version="1.0" encoding="UTF-8" standalone="yes"?>
<addon id="plugin.program.megawizard" name="MegaWizard" version="3.0.2" provider-name="MK">
  <reuselanguageinvoker>true</reuselanguageinvoker>

  <requires>
    <import addon="xbmc.python" version="3.0.0"/>
    <import addon="script.module.requests"/>
    <import addon="script.kodi.android.update" optional="true" version="1.1.7"/>
  </requires>

  <extension point="xbmc.python.pluginsource" library="default.py">
    <provides>executable</provides>
  </extension>

  <extension point="xbmc.addon.metadata">
    <summary lang="en">MegaWizard</summary>
    <description lang="en">MegaWizard offers maintenance features, selective add-on data backup, and automated build installs.</description>
    <platform>all</platform>
    <source>https://github.com/USER/REPO</source>
    <assets>
      <icon>resources/icon.png</icon>
      <fanart>resources/fanart.jpg</fanart>
    </assets>
  </extension>
</addon>